{"roblox":{"Entities":{"Framerate":[16,16,16,16,16,16],"Sent":18000,"Bandwidth":[118436.78125,118436.78125,118436.78125,118436.78125,118436.78125,118436.78125],"Recieve":18000},"Booleans":{"Framerate":[16,16,16,16,16,17],"Sent":54000,"Bandwidth":[73179.375,73179.375,115821.796875,115821.796875,115821.796875,74540.5078125],"Recieve":54000}},"blink":{"Entities":{"Framerate":[23,23,23,23,23,26],"Sent":118000,"Bandwidth":[14.777966499328614,10.597556114196778,16.014589309692384,16.014589309692384,16.014589309692384,16.507335662841798],"Recieve":118000},"Booleans":{"Framerate":[59,59,60,60,60,60],"Sent":299000,"Bandwidth":[8.302923202514649,6.749930381774902,8.53772258758545,8.53772258758545,8.53772258758545,8.515215873718262],"Recieve":299000}},"bytenet":{"Entities":{"Framerate":[17,17,18,18,18,19],"Sent":87000,"Bandwidth":[39.980674743652347,69.44839477539063,23.439544677734376,23.439544677734376,23.439544677734376,16.230520248413087],"Recieve":87000},"Booleans":{"Framerate":[15,15,15,15,15,15],"Sent":16000,"Bandwidth":[239.99688720703126,239.99688720703126,239.99688720703126,239.99688720703126,239.99688720703126,239.99688720703126],"Recieve":16000}},"zap":{"Entities":{"Framerate":[20,20,21,21,21,23],"Sent":105000,"Bandwidth":[13.104354858398438,8.991052627563477,14.436100006103516,14.436100006103516,14.436100006103516,14.571661949157715],"Recieve":105000},"Booleans":{"Framerate":[32,32,32,32,32,33],"Sent":161000,"Bandwidth":[4.240502834320068,2.851367950439453,4.77202033996582,4.77202033996582,4.77202033996582,4.709554195404053],"Recieve":161000}},"warp":{"Entities":{"Framerate":[16,16,16,16,16,16],"Sent":16000,"Bandwidth":[24257.080078125,24257.080078125,24257.080078125,24257.080078125,24257.080078125,24257.080078125],"Recieve":16000},"Booleans":{"Framerate":[16,16,17,17,17,17],"Sent":56000,"Bandwidth":[12692.3505859375,12692.3505859375,19902.810546875,19902.810546875,19902.810546875,20167.74609375],"Recieve":56000}}}